Workbook

Sheet Summary
A1: Active Deliveries (batch ZC): ETA and Risk Summary
A2: Model run: 2026-09-26 05:04:15 | Orders scored: 50
A4: Risk category | B4: Orders | C4: Share | D4: Avg predicted ETA (min) | E4: Max predicted ETA (min)
A5: Critical | B5: =COUNTIF(Active_Deliveries!$X$2:$X$51,A5) -> 0 | C5: =IF($B$9=0,0,B5/$B$9) -> 0 | D5: =IF(B5=0,"-",AVERAGEIF(Active_Deliveries!$X$2:$X$51,A5,Active_Deliveries!$U$2:$U$51)) -> - | E5: =IF(B5=0,"-",_xlfn.MAXIFS(Active_Deliveries!$U$2:$U$51,Active_Deliveries!$X$2:$X$51,A5)) -> -
A6: High | B6: =COUNTIF(Active_Deliveries!$X$2:$X$51,A6) -> 14 | C6: =IF($B$9=0,0,B6/$B$9) -> 0.28 | D6: =IF(B6=0,"-",AVERAGEIF(Active_Deliveries!$X$2:$X$51,A6,Active_Deliveries!$U$2:$U$51)) -> 32.685714 | E6: =IF(B6=0,"-",_xlfn.MAXIFS(Active_Deliveries!$U$2:$U$51,Active_Deliveries!$X$2:$X$51,A6)) -> 51.8
A7: Medium | B7: =COUNTIF(Active_Deliveries!$X$2:$X$51,A7) -> 22 | C7: =IF($B$9=0,0,B7/$B$9) -> 0.44 | D7: =IF(B7=0,"-",AVERAGEIF(Active_Deliveries!$X$2:$X$51,A7,Active_Deliveries!$U$2:$U$51)) -> 21.986364 | E7: =IF(B7=0,"-",_xlfn.MAXIFS(Active_Deliveries!$U$2:$U$51,Active_Deliveries!$X$2:$X$51,A7)) -> 40
A8: Low | B8: =COUNTIF(Active_Deliveries!$X$2:$X$51,A8) -> 14 | C8: =IF($B$9=0,0,B8/$B$9) -> 0.28 | D8: =IF(B8=0,"-",AVERAGEIF(Active_Deliveries!$X$2:$X$51,A8,Active_Deliveries!$U$2:$U$51)) -> 21.835714 | E8: =IF(B8=0,"-",_xlfn.MAXIFS(Active_Deliveries!$U$2:$U$51,Active_Deliveries!$X$2:$X$51,A8)) -> 38.2
A9: Total | B9: =SUM(B5:B8) -> 50 | C9: =SUM(C5:C8) -> 1 | D9: =AVERAGE(Active_Deliveries!$U$2:$U$51) -> 24.94 | E9: =MAX(Active_Deliveries!$U$2:$U$51) -> 51.8
A10: High + Critical (needs attention) | B10: =B5+B6 -> 14 | C10: =IF($B$9=0,0,B10/$B$9) -> 0.28
A12: Label breakdown
A13: Weather: Clear | B13: =COUNTIF(Active_Deliveries!$AB$2:$AB$51,"Clear") -> 11
A14: Weather: Moderate | B14: =COUNTIF(Active_Deliveries!$AB$2:$AB$51,"Moderate") -> 10
A15: Weather: Adverse | B15: =COUNTIF(Active_Deliveries!$AB$2:$AB$51,"Adverse") -> 29
A16: Traffic: Smooth | B16: =COUNTIF(Active_Deliveries!$AC$2:$AC$51,"Smooth") -> 18
A17: Traffic: Moderate | B17: =COUNTIF(Active_Deliveries!$AC$2:$AC$51,"Moderate") -> 13
A18: Traffic: Heavy | B18: =COUNTIF(Active_Deliveries!$AC$2:$AC$51,"Heavy") -> 3
A19: Traffic: Severe | B19: =COUNTIF(Active_Deliveries!$AC$2:$AC$51,"Severe") -> 16
A20: Festival: Normal Day | B20: =COUNTIF(Active_Deliveries!$AD$2:$AD$51,"Normal Day") -> 50
A21: Festival: Festival / Event | B21: =COUNTIF(Active_Deliveries!$AD$2:$AD$51,"Festival / Event") -> 0
A23: ETA model (LightGBM)
A24: Training rows (historical, valid) | B24: 40031
A25: Historical rows removed (same orders as active batch) | B25: 57
A26: Hold-out MAE (min) | B26: 3.05
A27: Hold-out RMSE (min) | B27: 3.8
A28: Hold-out R2 | B28: 0.838
A29: Baseline MAE: predict the mean (min) | B29: 7.66
A30: Backtest MAE on active batch (min) | B30: =Backtest!I3 -> 3.276
A32: Top features (share of total gain)
A33: Delivery_person_Ratings | B33: 0.19491342
A34: Weather_conditions | B34: 0.15502815
A35: distance_km | B35: 0.13489489
A36: Road_traffic_density | B36: 0.12400361
A37: multiple_deliveries | B37: 0.11083616
A38: Delivery_person_Age | B38: 0.092074981
A39: Vehicle_condition | B39: 0.081866277
A40: order_hour | B40: 0.070550558

Sheet Active_Deliveries
A1: Order_ID | B1: Delivery_person_ID | C1: Delivery_person_Age | D1: Delivery_person_Ratings | E1: Restaurant_latitude | F1: Restaurant_longitude | G1: Delivery_location_latitude | H1: Delivery_location_longitude | I1: Order_Date | J1: Time_Ordered | K1: Time_Order_picked | L1: Weather_conditions | M1: Road_traffic_density | N1: Vehicle_condition | O1: Type_of_order | P1: Type_of_vehicle | Q1: multiple_deliveries | R1: Festival | S1: City | T1: Order_Status | U1: Predicted_ETA_min | V1: ETA_Updated_At | W1: Risk_Score | X1: Risk_Category | Y1: Ops_Alerted | Z1: Driver_Notified | AA1: Customer_Notified | AB1: Weather_Label | AC1: Traffic_Label | AD1: Festival_Label | AE1: Weather_Pts | AF1: Traffic_Pts | AG1: Festival_Pts | AH1: MultiDelivery_Pts | AI1: Risk_Drivers | AJ1: Distance_km | AK1: Estimated_Arrival
A2: ZC-0001 | B2: JAPRES010DEL02 | C2: 34 | D2: 4.5 | E2: 26.921411 | F2: 75.793604 | G2: 26.941411 | H2: 75.813604 | I2: 2026-09-26 | J2: 09:00:00 | K2: 09:15:00 | L2: Windy | M2: Low | N2: 2 | O2: Drinks | P2: scooter | Q2: 0 | R2: No | S2: Metropolitian | T2: Active | U2: 23.8 | V2: 46291.211 | W2: =MIN(Risk_Rules!$B$27,AE2+AF2+AG2+AH2) -> 10 | X2: =IF(W2>=Risk_Rules!$B$31,"Critical",IF(W2>=Risk_Rules!$B$32,"High",IF(W2>=Risk_Rules!$B$33,"Medium","Low"))) -> Low | AB2: Moderate | AC2: Smooth | AD2: Normal Day | AE2: =INDEX(Risk_Rules!$B$6:$B$11,MATCH(L2,Risk_Rules!$A$6:$A$11,0)) -> 10 | AF2: =INDEX(Risk_Rules!$B$15:$B$18,MATCH(M2,Risk_Rules!$A$15:$A$18,0)) -> 0 | AG2: =INDEX(Risk_Rules!$B$22:$B$23,MATCH(R2,Risk_Rules!$A$22:$A$23,0)) -> 0 | AH2: =Q2*Risk_Rules!$B$26 -> 0 | AI2: Weather: Windy | AJ2: 2.98 | AK2: 09:23
A3: ZC-0002 | B3: BANGRES12DEL02 | C3: 29 | D3: 4.8 | E3: 12.939496 | F3: 77.625999 | G3: 12.959496 | H3: 77.645999 | I3: 2026-09-26 | J3: 09:00:00 | K3: 09:05:00 | L3: Sunny | M3: Low | N3: 2 | O3: Buffet | P3: motorcycle | Q3: 1 | R3: No | S3: Metropolitian | T3: Active | U3: 18.2 | V3: 46291.211 | W3: =MIN(Risk_Rules!$B$27,AE3+AF3+AG3+AH3) -> 10 | X3: =IF(W3>=Risk_Rules!$B$31,"Critical",IF(W3>=Risk_Rules!$B$32,"High",IF(W3>=Risk_Rules!$B$33,"Medium","Low"))) -> Low | AB3: Clear | AC3: Smooth | AD3: Normal Day | AE3: =INDEX(Risk_Rules!$B$6:$B$11,MATCH(L3,Risk_Rules!$A$6:$A$11,0)) -> 0 | AF3: =INDEX(Risk_Rules!$B$15:$B$18,MATCH(M3,Risk_Rules!$A$15:$A$18,0)) -> 0 | AG3: =INDEX(Risk_Rules!$B$22:$B$23,MATCH(R3,Risk_Rules!$A$22:$A$23,0)) -> 0 | AH3: =Q3*Risk_Rules!$B$26 -> 10 | AI3: Multiple deliveries: 1 | AJ3: 3.11 | AK3: 09:18
A4: ZC-0003 | B4: MUMRES14DEL01 | C4: 21 | D4: 4.8 | E4: 19.1813 | F4: 72.836191 | G4: 19.1913 | H4: 72.846191 | I4: 2026-09-26 | J4: 09:00:00 | K4: 09:15:00 | L4: Stormy | M4: Low | N4: 1 | O4: Snack | P4: scooter | Q4: 0 | R4: No | S4: Urban | T4: Active | U4: 13.4 | V4: 46291.211 | W4: =MIN(Risk_Rules!$B$27,AE4+AF4+AG4+AH4) -> 20 | X4: =IF(W4>=Risk_Rules!$B$31,"Critical",IF(W4>=Risk_Rules!$B$32,"High",IF(W4>=Risk_Rules!$B$33,"Medium","Low"))) -> Low | AB4: Adverse | AC4: Smooth | AD4: Normal Day | AE4: =INDEX(Risk_Rules!$B$6:$B$11,MATCH(L4,Risk_Rules!$A$6:$A$11,0)) -> 20 | AF4: =INDEX(Risk_Rules!$B$15:$B$18,MATCH(M4,Risk_Rules!$A$15:$A$18,0)) -> 0 | AG4: =INDEX(Risk_Rules!$B$22:$B$23,MATCH(R4,Risk_Rules!$A$22:$A$23,0)) -> 0 | AH4: =Q4*Risk_Rules!$B$26 -> 0 | AI4: Weather: Stormy | AJ4: 1.53 | AK4: 09:13
A5: ZC-0004 | B5: BANGRES15DEL01 | C5: 21 | D5: 4.3 | E5: 12.975377 | F5: 77.696664 | G5: 12.985377 | H5: 77.706664 | I5: 2026-09-26 | J5: 10:00:00 | K5: 10:15:00 | L5: Windy | M5: Low | N5: 0 | O5: Snack | P5: motorcycle | Q5: 1 | R5: No | S5: Metropolitian | T5: Active | U5: 22.1 | V5: 46291.211 | W5: =MIN(Risk_Rules!$B$27,AE5+AF5+AG5+AH5) -> 20 | X5: =IF(W5>=Risk_Rules!$B$31,"Critical",IF(W5>=Risk_Rules!$B$32,"High",IF(W5>=Risk_Rules!$B$33,"Medium","Low"))) -> Low | AB5: Moderate | AC5: Smooth | AD5: Normal Day | AE5: =INDEX(Risk_Rules!$B$6:$B$11,MATCH(L5,Risk_Rules!$A$6:$A$11,0)) -> 10 | AF5: =INDEX(Risk_Rules!$B$15:$B$18,MATCH(M5,Risk_Rules!$A$15:$A$18,0)) -> 0 | AG5: =INDEX(Risk_Rules!$B$22:$B$23,MATCH(R5,Risk_Rules!$A$22:$A$23,0)) -> 0 | AH5: =Q5*Risk_Rules!$B$26 -> 10 | AI5: Weather: Windy; Multiple deliveries: 1 | AJ5: 1.55 | AK5: 10:22
A6: ZC-0005 | B6: MYSRES09DEL02 | C6: 38 | D6: 4.6 | E6: 12.323194 | F6: 76.630583 | G6: 12.343194 | H6: 76.650583 | I6: 2026-09-26 | J6: 10:40:00 | K6: 10:45:00 | L6: Stormy | M6: Low | N6: 1 | O6: Snack | P6: scooter | Q6: 1 | R6: No | S6: Metropolitian | T6: Active | U6: 24.6 | V6: 46291.211 | W6: =MIN(Risk_Rules!$B$27,AE6+AF6+AG6+AH6) -> 30 | X6: =IF(W6>=Risk_Rules!$B$31,"Critical",IF(W6>=Risk_Rules!$B$32,"High",IF(W6>=Risk_Rules!$B$33,"Medium","Low"))) -> Medium | AB6: Adverse | AC6: Smooth | AD6: Normal Day | AE6: =INDEX(Risk_Rules!$B$6:$B$11,MATCH(L6,Risk_Rules!$A$6:$A$11,0)) -> 20 | AF6: =INDEX(Risk_Rules!$B$15:$B$18,MATCH(M6,Risk_Rules!$A$15:$A$18,0)) -> 0 | AG6: =INDEX(Risk_Rules!$B$22:$B$23,MATCH(R6,Risk_Rules!$A$22:$A$23,0)) -> 0 | AH6: =Q6*Risk_Rules!$B$26 -> 10 | AI6: Weather: Stormy; Multiple deliveries: 1 | AJ6: 3.11 | AK6: 11:04
A7: ZC-0006 | B7: BANGRES17DEL02 | C7: 32 | D7: 4.9 | E7: 12.972532 | F7: 77.608179 | G7: 12.992532 | H7: 77.628179 | I7: 2026-09-26 | J7: 10:50:00 | K7: 11:05:00 | L7: Windy | M7: Low | N7: 1 | O7: Buffet | P7: scooter | Q7: 1 | R7: No | S7: Metropolitian | T7: Active | U7: 25.1 | V7: 46291.211 | W7: =MIN(Risk_Rules!$B$27,AE7+AF7+AG7+AH7) -> 20 | X7: =IF(W7>=Risk_Rules!$B$31,"Critical",IF(W7>=Risk_Rules!$B$32,"High",IF(W7>=Risk_Rules!$B$33,"Medium","Low"))) -> Low | AB7: Moderate | AC7: Smooth | AD7: Normal Day | AE7: =INDEX(Risk_Rules!$B$6:$B$11,MATCH(L7,Risk_Rules!$A$6:$A$11,0)) -> 10 | AF7: =INDEX(Risk_Rules!$B$15:$B$18,MATCH(M7,Risk_Rules!$A$15:$A$18,0)) -> 0 | AG7: =INDEX(Risk_Rules!$B$22:$B$23,MATCH(R7,Risk_Rules!$A$22:$A$23,0)) -> 0 | AH7: =Q7*Risk_Rules!$B$26 -> 10 | AI7: Weather: Windy; Multiple deliveries: 1 | AJ7: 3.11 | AK7: 11:15
A8: ZC-0007 | B8: KOCRES01DEL01 | C8: 36 | D8: 4.8 | E8: 9.979363 | F8: 76.285001 | G8: 9.989363 | H8: 76.295001 | I8: 2026-09-26 | J8: 10:50:00 | K8: 11:05:00 | L8: Sandstorms | M8: Low | N8: 1 | O8: Buffet | P8: motorcycle | Q8: 1 | R8: No | S8: Metropolitian | T8: Active | U8: 23.8 | V8: 46291.211 | W8: =MIN(Risk_Rules!$B$27,AE8+AF8+AG8+AH8) -> 30 | X8: =IF(W8>=Risk_Rules!$B$31,"Critical",IF(W8>=Risk_Rules!$B$32,"High",IF(W8>=Risk_Rules!$B$33,"Medium","Low"))) -> Medium | AB8: Adverse | AC8: Smooth | AD8: Normal Day | AE8: =INDEX(Risk_Rules!$B$6:$B$11,MATCH(L8,Risk_Rules!$A$6:$A$11,0)) -> 20 | AF8: =INDEX(Risk_Rules!$B$15:$B$18,MATCH(M8,Risk_Rules!$A$15:$A$18,0)) -> 0 | AG8: =INDEX(Risk_Rules!$B$22:$B$23,MATCH(R8,Risk_Rules!$A$22:$A$23,0)) -> 0 | AH8: =Q8*Risk_Rules!$B$26 -> 10 | AI8: Weather: Sandstorms; Multiple deliveries: 1 | AJ8: 1.56 | AK8: 11:13
A9: ZC-0008 | B9: JAPRES13DEL01 | C9: 23 | D9: 5 | E9: 26.846156 | F9: 75.8023 | G9: 26.856156 | H9: 75.8123 | I9: 2026-09-26 | J9: 11:25:00 | K9: 11:30:00 | L9: Sandstorms | M9: High | N9: 0 | O9: Meal | P9: motorcycle | Q9: 1 | R9: No | S9: Metropolitian | T9: Active | U9: 28.6 | V9: 46291.211 | W9: =MIN(Risk_Rules!$B$27,AE9+AF9+AG9+AH9) -> 50 | X9: =IF(W9>=Risk_Rules!$B$31,"Critical",IF(W9>=Risk_Rules!$B$32,"High",IF(W9>=Risk_Rules!$B$33,"Medium","Low"))) -> High | AB9: Adverse | AC9: Heavy | AD9: Normal Day | AE9: =INDEX(Risk_Rules!$B$6:$B$11,MATCH(L9,Risk_Rules!$A$6:$A$11,0)) -> 20 | AF9: =INDEX(Risk_Rules!$B$15:$B$18,MATCH(M9,Risk_Rules!$A$15:$A$18,0)) -> 20 | AG9: =INDEX(Risk_Rules!$B$22:$B$23,MATCH(R9,Risk_Rules!$A$22:$A$23,0)) -> 0 | AH9: =Q9*Risk_Rules!$B$26 -> 10 | AI9: Weather: Sandstorms; Traffic: High; Multiple deliveries: 1 | AJ9: 1.49 | AK9: 11:53
A10: ZC-0009 | B10: SURRES11DEL01 | C10: 25 | D10: 4.8 | E10: 21.157735 | F10: 72.768778 | G10: 21.167735 | H10: 72.778778 | I10: 2026-09-26 | J10: 12:00:00 | K10: 12:05:00 | L10: Cloudy | M10: High | N10: 1 | O10: Meal | P10: scooter | Q10: 0 | R10: No | S10: Metropolitian | T10: Active | U10: 26.7 | V10: 46291.211 | W10: =MIN(Risk_Rules!$B$27,AE10+AF10+AG10+AH10) -> 40 | X10: =IF(W10>=Risk_Rules!$B$31,"Critical",IF(W10>=Risk_Rules!$B$32,"High",IF(W10>=Risk_Rules!$B$33,"Medium","Low"))) -> Medium | AB10: Adverse | AC10: Heavy | AD10: Normal Day | AE10: =INDEX(Risk_Rules!$B$6:$B$11,MATCH(L10,Risk_Rules!$A$6:$A$11,0)) -> 20 | AF10: =INDEX(Risk_Rules!$B$15:$B$18,MATCH(M10,Risk_Rules!$A$15:$A$18,0)) -> 20 | AG10: =INDEX(Risk_Rules!$B$22:$B$23,MATCH(R10,Risk_Rules!$A$22:$A$23,0)) -> 0 | AH10: =Q10*Risk_Rules!$B$26 -> 0 | AI10: Weather: Cloudy; Traffic: High | AJ10: 1.52 | AK10: 12:26
A11: ZC-0010 | B11: BANGRES010DEL01 | C11: 27 | D11: 4.1 | E11: 12.933298 | F11: 77.614293 | G11: 12.973298 | H11: 77.654293 | I11: 2026-09-26 | J11: 13:30:00 | K11: 13:35:00 | L11: Sunny | M11: High | N11: 0 | O11: Meal | P11: motorcycle | Q11: 3 | R11: No | S11: Semi-Urban | T11: Active | U11: 51.8 | V11: 46291.211 | W11: =MIN(Risk_Rules!$B$27,AE11+AF11+AG11+AH11) -> 50 | X11: =IF(W11>=Risk_Rules!$B$31,"Critical",IF(W11>=Risk_Rules!$B$32,"High",IF(W11>=Risk_Rules!$B$33,"Medium","Low"))) -> High | AB11: Clear | AC11: Heavy | AD11: Normal Day | AE11: =INDEX(Risk_Rules!$B$6:$B$11,MATCH(L11,Risk_Rules!$A$6:$A$11,0)) -> 0 | AF11: =INDEX(Risk_Rules!$B$15:$B$18,MATCH(M11,Risk_Rules!$A$15:$A$18,0)) -> 20 | AG11: =INDEX(Risk_Rules!$B$22:$B$23,MATCH(R11,Risk_Rules!$A$22:$A$23,0)) -> 0 | AH11: =Q11*Risk_Rules!$B$26 -> 30 | AI11: Traffic: High; Multiple deliveries: 3 | AJ11: 6.21 | AK11: 14:21
A12: ZC-0011 | B12: INDORES07DEL01 | C12: 35 | D12: 4.7 | E12: 22.722634 | F12: 75.886959 | G12: 22.762634 | H12: 75.926959 | I12: 2026-09-26 | J12: 15:10:00 | K12: 15:15:00 | L12: Cloudy | M12: Medium | N12: 2 | O12: Meal | P12: motorcycle | Q12: 1 | R12: No | S12: Metropolitian | T12: Active | U12: 17.4 | V12: 46291.211 | W12: =MIN(Risk_Rules!$B$27,AE12+AF12+AG12+AH12) -> 40 | X12: =IF(W12>=Risk_Rules!$B$31,"Critical",IF(W12>=Risk_Rules!$B$32,"High",IF(W12>=Risk_Rules!$B$33,"Medium","Low"))) -> Medium | AB12: Adverse | AC12: Moderate | AD12: Normal Day | AE12: =INDEX(Risk_Rules!$B$6:$B$11,MATCH(L12,Risk_Rules!$A$6:$A$11,0)) -> 20 | AF12: =INDEX(Risk_Rules!$B$15:$B$18,MATCH(M12,Risk_Rules!$A$15:$A$18,0)) -> 10 | AG12: =INDEX(Risk_Rules!$B$22:$B$23,MATCH(R12,Risk_Rules!$A$22:$A$23,0)) -> 0 | AH12: =Q12*Risk_Rules!$B$26 -> 10 | AI12: Weather: Cloudy; Traffic: Medium; Multiple deliveries: 1 | AJ12: 6.05 | AK12: 15:27
A13: ZC-0012 | B13: COIMBRES13DEL01 | C13: 35 | D13: 4.7 | E13: 11.003669 | F13: 76.976494 | G13: 11.073669 | H13: 77.046494 | I13: 2026-09-26 | J13: 17:20:00 | K13: 17:30:00 | L13: Sunny | M13: Medium | N13: 0 | O13: Meal | P13: motorcycle | Q13: 1 | R13: No | S13: Urban | T13: Active | U13: 30.4 | V13: 46291.211 | W13: =MIN(Risk_Rules!$B$27,AE13+AF13+AG13+AH13) -> 20 | X13: =IF(W13>=Risk_Rules!$B$31,"Critical",IF(W13>=Risk_Rules!$B$32,"High",IF(W13>=Risk_Rules!$B$33,"Medium","Low"))) -> Low | AB13: Clear | AC13: Moderate | AD13: Normal Day | AE13: =INDEX(Risk_Rules!$B$6:$B$11,MATCH(L13,Risk_Rules!$A$6:$A$11,0)) -> 0 | AF13: =INDEX(Risk_Rules!$B$15:$B$18,MATCH(M13,Risk_Rules!$A$15:$A$18,0)) -> 10 | AG13: =INDEX(Risk_Rules!$B$22:$B$23,MATCH(R13,Risk_Rules!$A$22:$A$23,0)) -> 0 | AH13: =Q13*Risk_Rules!$B$26 -> 10 | AI13: Traffic: Medium; Multiple deliveries: 1 | AJ13: 10.91 | AK13: 17:50
... A51: ZC-0050 | B51: SURRES010DEL02 | C51: 27 | D51: 4.8 | E51: 21.17106 | F51: 72.789292 | G51: 21.22106 | H51: 72.839292 | I51: 2026-09-26 | J51: 23:55:00 | K51: 00:10:00 | L51: Sandstorms | M51: Low | N51: 1 | O51: Snack | P51: scooter | Q51: 1 | R51: No | S51: Metropolitian | T51: Active | U51: 16.1 | V51: 46291.211 | W51: =MIN(Risk_Rules!$B$27,AE51+AF51+AG51+AH51) -> 30 | X51: =IF(W51>=Risk_Rules!$B$31,"Critical",IF(W51>=Risk_Rules!$B$32,"High",IF(W51>=Risk_Rules!$B$33,"Medium","Low"))) -> Medium | AB51: Adverse | AC51: Smooth | AD51: Normal Day | AE51: =INDEX(Risk_Rules!$B$6:$B$11,MATCH(L51,Risk_Rules!$A$6:$A$11,0)) -> 20 | AF51: =INDEX(Risk_Rules!$B$15:$B$18,MATCH(M51,Risk_Rules!$A$15:$A$18,0)) -> 0 | AG51: =INDEX(Risk_Rules!$B$22:$B$23,MATCH(R51,Risk_Rules!$A$22:$A$23,0)) -> 0 | AH51: =Q51*Risk_Rules!$B$26 -> 10 | AI51: Weather: Sandstorms; Multiple deliveries: 1 | AJ51: 7.6 | AK51: 00:11

Sheet Risk_Rules
A1: Risk scoring rules (edit blue cells; Active_Deliveries recalculates)
A2: Source: reverse-engineered from the historical 'Risk Score' column in Capstone_Team1_CleanedData_v1 (matches 40,088 / 40,088 rows).
A4: Weather conditions
A5: Value | B5: Points | C5: Label
A6: Sunny | B6: 0 | C6: Clear
A7: Windy | B7: 10 | C7: Moderate
A8: Cloudy | B8: 20 | C8: Adverse
A9: Fog | B9: 20 | C9: Adverse
A10: Sandstorms | B10: 20 | C10: Adverse
A11: Stormy | B11: 20 | C11: Adverse
A13: Road traffic density
A14: Value | B14: Points | C14: Label
A15: Low | B15: 0 | C15: Smooth
A16: Medium | B16: 10 | C16: Moderate
A17: High | B17: 20 | C17: Heavy
A18: Jam | B18: 30 | C18: Severe
A20: Festival / event
A21: Value | B21: Points | C21: Label
A22: No | B22: 0 | C22: Normal Day
A23: Yes | B23: 30 | C23: Festival / Event
A25: Other parameters
A26: Points per extra delivery (multiple_deliveries) | B26: 10
A27: Risk score cap | B27: 100
A29: Risk category thresholds (score >= lower bound)
A30: Category | B30: Lower bound | C30: Historical evidence
A31: Critical | B31: 70 | C31: Score 70-100: avg 42-47 min, 57-95% of orders > 40 min
A32: High | B32: 50 | C32: Score 50-60: avg 30-33 min, 11-19% of orders > 40 min
A33: Medium | B33: 30 | C33: Score 30-40: avg 23-27 min, 3-6% of orders > 40 min
A34: Low | B34: 0 | C34: Score 0-20: avg 19-21 min, ~1% of orders > 40 min

Sheet High_Critical
A1: High + Critical risk orders (14 of 50), sorted by risk score then ETA. Values snapshot from the model run.
A3: Order_ID | B3: Delivery_person_ID | C3: City | D3: Time_Ordered | E3: Time_Order_picked | F3: Weather_conditions | G3: Weather_Label | H3: Road_traffic_density | I3: Traffic_Label | J3: Festival | K3: Festival_Label | L3: multiple_deliveries | M3: Type_of_vehicle | N3: Distance_km | O3: Predicted_ETA_min | P3: Estimated_Arrival | Q3: Risk_Score | R3: Risk_Category | S3: Risk_Drivers
A4: ZC-0040 | B4: VADRES20DEL01 | C4: Metropolitian | D4: 21:35:00 | E4: 21:40:00 | F4: Fog | G4: Adverse | H4: Jam | I4: Severe | J4: No | K4: Normal Day | L4: 1 | M4: scooter | N4: 10.6 | O4: 39.7 | P4: 22:14 | Q4: 60 | R4: High | S4: Weather: Fog; Traffic: Jam; Multiple deliveries: 1
A5: ZC-0035 | B5: KOCRES01DEL01 | C5: Metropolitian | D5: 20:45:00 | E5: 21:00:00 | F5: Cloudy | G5: Adverse | H5: Jam | I5: Severe | J5: No | K5: Normal Day | L5: 1 | M5: scooter | N5: 17.17 | O5: 36.8 | P5: 21:21 | Q5: 60 | R5: High | S5: Weather: Cloudy; Traffic: Jam; Multiple deliveries: 1
A6: ZC-0026 | B6: CHENRES19DEL03 | C6: Metropolitian | D6: 19:10:00 | E6: 19:20:00 | F6: Cloudy | G6: Adverse | H6: Jam | I6: Severe | J6: No | K6: Normal Day | L6: 1 | M6: motorcycle | N6: 13.97 | O6: 35.4 | P6: 19:45 | Q6: 60 | R6: High | S6: Weather: Cloudy; Traffic: Jam; Multiple deliveries: 1
A7: ZC-0029 | B7: RANCHIRES18DEL01 | C7: Metropolitian | D7: 19:55:00 | E7: 20:00:00 | F7: Sandstorms | G7: Adverse | H7: Jam | I7: Severe | J7: No | K7: Normal Day | L7: 1 | M7: motorcycle | N7: 10.57 | O7: 32.5 | P7: 20:27 | Q7: 60 | R7: High | S7: Weather: Sandstorms; Traffic: Jam; Multiple deliveries: 1
A8: ZC-0036 | B8: KOLRES17DEL03 | C8: Metropolitian | D8: 20:55:00 | E8: 21:00:00 | F8: Cloudy | G8: Adverse | H8: Jam | I8: Severe | J8: No | K8: Normal Day | L8: 1 | M8: motorcycle | N8: 9.08 | O8: 27.8 | P8: 21:22 | Q8: 60 | R8: High | S8: Weather: Cloudy; Traffic: Jam; Multiple deliveries: 1
A9: ZC-0041 | B9: COIMBRES19DEL03 | C9: Metropolitian | D9: 21:40:00 | E9: 21:50:00 | F9: Fog | G9: Adverse | H9: Jam | I9: Severe | J9: No | K9: Normal Day | L9: 1 | M9: scooter | N9: 4.67 | O9: 26.9 | P9: 22:06 | Q9: 60 | R9: High | S9: Weather: Fog; Traffic: Jam; Multiple deliveries: 1
A10: ZC-0034 | B10: KOLRES12DEL01 | C10: Metropolitian | D10: 20:40:00 | E10: 20:45:00 | F10: Stormy | G10: Adverse | H10: Jam | I10: Severe | J10: No | K10: Normal Day | L10: 1 | M10: electric_scooter | N10: 10.59 | O10: 22.8 | P10: 21:02 | Q10: 60 | R10: High | S10: Weather: Stormy; Traffic: Jam; Multiple deliveries: 1
A11: ZC-0010 | B11: BANGRES010DEL01 | C11: Semi-Urban | D11: 13:30:00 | E11: 13:35:00 | F11: Sunny | G11: Clear | H11: High | I11: Heavy | J11: No | K11: Normal Day | L11: 3 | M11: motorcycle | N11: 6.21 | O11: 51.8 | P11: 14:21 | Q11: 50 | R11: High | S11: Traffic: High; Multiple deliveries: 3
A12: ZC-0031 | B12: RANCHIRES08DEL01 | C12: Metropolitian | D12: 20:00:00 | E12: 20:15:00 | F12: Fog | G12: Adverse | H12: Jam | I12: Severe | J12: No | K12: Normal Day | L12: 0 | M12: scooter | N12: 10.57 | O12: 40.8 | P12: 20:40 | Q12: 50 | R12: High | S12: Weather: Fog; Traffic: Jam
A13: ZC-0032 | B13: SURRES03DEL03 | C13: Metropolitian | D13: 20:20:00 | E13: 20:35:00 | F13: Sandstorms | G13: Adverse | H13: Jam | I13: Severe | J13: No | K13: Normal Day | L13: 0 | M13: electric_scooter | N13: 13.68 | O13: 37.6 | P13: 20:57 | Q13: 50 | R13: High | S13: Weather: Sandstorms; Traffic: Jam
A14: ZC-0039 | B14: MYSRES09DEL02 | C14: Metropolitian | D14: 21:25:00 | E14: 21:35:00 | F14: Windy | G14: Moderate | H14: Jam | I14: Severe | J14: No | K14: Normal Day | L14: 1 | M14: motorcycle | N14: 7.77 | O14: 37 | P14: 22:02 | Q14: 50 | R14: High | S14: Weather: Windy; Traffic: Jam; Multiple deliveries: 1
A15: ZC-0008 | B15: JAPRES13DEL01 | C15: Metropolitian | D15: 11:25:00 | E15: 11:30:00 | F15: Sandstorms | G15: Adverse | H15: High | I15: Heavy | J15: No | K15: Normal Day | L15: 1 | M15: motorcycle | N15: 1.49 | O15: 28.6 | P15: 11:53 | Q15: 50 | R15: High | S15: Weather: Sandstorms; Traffic: High; Multiple deliveries: 1
... A17: ZC-0027 | B17: COIMBRES03DEL02 | C17: Urban | D17: 19:15:00 | E17: 19:30:00 | F17: Windy | G17: Moderate | H17: Jam | I17: Severe | J17: No | K17: Normal Day | L17: 1 | M17: scooter | N17: 7.79 | O17: 19.1 | P17: 19:34 | Q17: 50 | R17: High | S17: Weather: Windy; Traffic: Jam; Multiple deliveries: 1

Sheet Low_Medium
A1: Low + Medium risk orders (36 of 50), sorted by risk score then ETA. Values snapshot from the model run.
A3: Order_ID | B3: Delivery_person_ID | C3: City | D3: Time_Ordered | E3: Time_Order_picked | F3: Weather_conditions | G3: Weather_Label | H3: Road_traffic_density | I3: Traffic_Label | J3: Festival | K3: Festival_Label | L3: multiple_deliveries | M3: Type_of_vehicle | N3: Distance_km | O3: Predicted_ETA_min | P3: Estimated_Arrival | Q3: Risk_Score | R3: Risk_Category | S3: Risk_Drivers
A4: ZC-0047 | B4: CHENRES12DEL01 | C4: Metropolitian | D4: 23:00:00 | E4: 23:05:00 | F4: Fog | G4: Adverse | H4: Low | I4: Smooth | J4: No | K4: Normal Day | L4: 2 | M4: motorcycle | N4: 10.87 | O4: 40 | P4: 23:40 | Q4: 40 | R4: Medium | S4: Weather: Fog; Multiple deliveries: 2
A5: ZC-0038 | B5: MUMRES05DEL02 | C5: Metropolitian | D5: 21:15:00 | E5: 21:30:00 | F5: Sunny | G5: Clear | H5: Jam | I5: Severe | J5: No | K5: Normal Day | L5: 1 | M5: motorcycle | N5: 12.24 | O5: 29.8 | P5: 21:44 | Q5: 40 | R5: Medium | S5: Traffic: Jam; Multiple deliveries: 1
A6: ZC-0009 | B6: SURRES11DEL01 | C6: Metropolitian | D6: 12:00:00 | E6: 12:05:00 | F6: Cloudy | G6: Adverse | H6: High | I6: Heavy | J6: No | K6: Normal Day | L6: 0 | M6: scooter | N6: 1.52 | O6: 26.7 | P6: 12:26 | Q6: 40 | R6: Medium | S6: Weather: Cloudy; Traffic: High
A7: ZC-0013 | B7: JAPRES13DEL03 | C7: Metropolitian | D7: 17:35:00 | E7: 17:40:00 | F7: Sandstorms | G7: Adverse | H7: Medium | I7: Moderate | J7: No | K7: Normal Day | L7: 1 | M7: motorcycle | N7: 20.86 | O7: 23 | P7: 17:58 | Q7: 40 | R7: Medium | S7: Weather: Sandstorms; Traffic: Medium; Multiple deliveries: 1
A8: ZC-0037 | B8: JAPRES09DEL03 | C8: Metropolitian | D8: 21:00:00 | E8: 21:05:00 | F8: Sunny | G8: Clear | H8: Jam | I8: Severe | J8: No | K8: Normal Day | L8: 1 | M8: motorcycle | N8: 13.41 | O8: 22.4 | P8: 21:22 | Q8: 40 | R8: Medium | S8: Traffic: Jam; Multiple deliveries: 1
A9: ZC-0030 | B9: COIMBRES01DEL02 | C9: Metropolitian | D9: 20:00:00 | E9: 20:15:00 | F9: Windy | G9: Moderate | H9: Jam | I9: Severe | J9: No | K9: Normal Day | L9: 0 | M9: motorcycle | N9: 20.25 | O9: 21.6 | P9: 20:21 | Q9: 40 | R9: Medium | S9: Weather: Windy; Traffic: Jam
A10: ZC-0028 | B10: AGRRES04DEL02 | C10: Metropolitian | D10: 19:15:00 | E10: 19:25:00 | F10: Sunny | G10: Clear | H10: Jam | I10: Severe | J10: No | K10: Normal Day | L10: 1 | M10: scooter | N10: 19.34 | O10: 18.5 | P10: 19:33 | Q10: 40 | R10: Medium | S10: Traffic: Jam; Multiple deliveries: 1
A11: ZC-0014 | B11: COIMBRES09DEL03 | C11: Metropolitian | D11: 17:40:00 | E11: 17:50:00 | F11: Fog | G11: Adverse | H11: Medium | I11: Moderate | J11: No | K11: Normal Day | L11: 1 | M11: electric_scooter | N11: 9.35 | O11: 17.7 | P11: 17:57 | Q11: 40 | R11: Medium | S11: Weather: Fog; Traffic: Medium; Multiple deliveries: 1
A12: ZC-0011 | B12: INDORES07DEL01 | C12: Metropolitian | D12: 15:10:00 | E12: 15:15:00 | F12: Cloudy | G12: Adverse | H12: Medium | I12: Moderate | J12: No | K12: Normal Day | L12: 1 | M12: motorcycle | N12: 6.05 | O12: 17.4 | P12: 15:27 | Q12: 40 | R12: Medium | S12: Weather: Cloudy; Traffic: Medium; Multiple deliveries: 1
A13: ZC-0016 | B13: CHENRES19DEL02 | C13: Metropolitian | D13: 17:50:00 | E13: 18:00:00 | F13: Fog | G13: Adverse | H13: Medium | I13: Moderate | J13: No | K13: Normal Day | L13: 1 | M13: scooter | N13: 7.76 | O13: 16.5 | P13: 18:06 | Q13: 40 | R13: Medium | S13: Weather: Fog; Traffic: Medium; Multiple deliveries: 1
A14: ZC-0020 | B14: LUDHRES08DEL03 | C14: Urban | D14: 18:30:00 | E14: 18:40:00 | F14: Fog | G14: Adverse | H14: Medium | I14: Moderate | J14: No | K14: Normal Day | L14: 1 | M14: motorcycle | N14: 4.4 | O14: 14.3 | P14: 18:44 | Q14: 40 | R14: Medium | S14: Weather: Fog; Traffic: Medium; Multiple deliveries: 1
A15: ZC-0045 | B15: LUDHRES11DEL01 | C15: Urban | D15: 22:55:00 | E15: 23:00:00 | F15: Cloudy | G15: Adverse | H15: Low | I15: Smooth | J15: No | K15: Normal Day | L15: 1 | M15: motorcycle | N15: 16.11 | O15: 36.8 | P15: 23:31 | Q15: 30 | R15: Medium | S15: Weather: Cloudy; Multiple deliveries: 1
... A39: ZC-0043 | B39: BANGRES19DEL02 | C39: Metropolitian | D39: 22:40:00 | E39: 22:55:00 | F39: Sunny | G39: Clear | H39: Low | I39: Smooth | J39: No | K39: Normal Day | L39: 0 | M39: electric_scooter | N39: 7.76 | O39: 18.5 | P39: 22:58 | Q39: 0 | R39: Low | S39: None

Sheet Backtest
A1: Backtest vs. Ground_Truth (actual time taken). Not used for training.
A3: Order_ID | B3: Risk_Category | C3: Predicted_ETA_min | D3: Actual_Time_taken_min | E3: Error_min | F3: Abs_Error_min | H3: MAE (min) | I3: =AVERAGE(F4:F53) -> 3.276
A4: ZC-0001 | B4: Low | C4: 23.8 | D4: 23 | E4: =C4-D4 -> 0.8 | F4: =ABS(E4) -> 0.8 | H4: RMSE (min) | I4: =SQRT(SUMPRODUCT(E4:E53,E4:E53)/COUNT(E4:E53)) -> 3.7604255
A5: ZC-0002 | B5: Low | C5: 18.2 | D5: 16 | E5: =C5-D5 -> 2.2 | F5: =ABS(E5) -> 2.2 | H5: Mean error / bias (min) | I5: =AVERAGE(E4:E53) -> 0.4
A6: ZC-0003 | B6: Low | C6: 13.4 | D6: 12 | E6: =C6-D6 -> 1.4 | F6: =ABS(E6) -> 1.4 | H6: Orders within 5 min | I6: =COUNTIF(F4:F53,"<=5")/COUNT(F4:F53) -> 0.88
A7: ZC-0004 | B7: Low | C7: 22.1 | D7: 20 | E7: =C7-D7 -> 2.1 | F7: =ABS(E7) -> 2.1
A8: ZC-0005 | B8: Medium | C8: 24.6 | D8: 26 | E8: =C8-D8 -> -1.4 | F8: =ABS(E8) -> 1.4
A9: ZC-0006 | B9: Low | C9: 25.1 | D9: 29 | E9: =C9-D9 -> -3.9 | F9: =ABS(E9) -> 3.9
A10: ZC-0007 | B10: Medium | C10: 23.8 | D10: 22 | E10: =C10-D10 -> 1.8 | F10: =ABS(E10) -> 1.8
A11: ZC-0008 | B11: High | C11: 28.6 | D11: 27 | E11: =C11-D11 -> 1.6 | F11: =ABS(E11) -> 1.6
A12: ZC-0009 | B12: Medium | C12: 26.7 | D12: 23 | E12: =C12-D12 -> 3.7 | F12: =ABS(E12) -> 3.7
A13: ZC-0010 | B13: High | C13: 51.8 | D13: 54 | E13: =C13-D13 -> -2.2 | F13: =ABS(E13) -> 2.2
A14: ZC-0011 | B14: Medium | C14: 17.4 | D14: 17 | E14: =C14-D14 -> 0.4 | F14: =ABS(E14) -> 0.4
A15: ZC-0012 | B15: Low | C15: 30.4 | D15: 35 | E15: =C15-D15 -> -4.6 | F15: =ABS(E15) -> 4.6
A16: ZC-0013 | B16: Medium | C16: 23 | D16: 17 | E16: =C16-D16 -> 6 | F16: =ABS(E16) -> 6
A17: ZC-0014 | B17: Medium | C17: 17.7 | D17: 19 | E17: =C17-D17 -> -1.3 | F17: =ABS(E17) -> 1.3
A18: ZC-0015 | B18: Medium | C18: 34.6 | D18: 31 | E18: =C18-D18 -> 3.6 | F18: =ABS(E18) -> 3.6
... A53: ZC-0050 | B53: Medium | C53: 16.1 | D53: 14 | E53: =C53-D53 -> 2.1 | F53: =ABS(E53) -> 2.1
